[{
    "id": 1,
    "title":"Blog post #1",
    "author": "Melissa Manges",
    "publish_date": "2016-02-23",
    "slug": "blog-post-1",
    "description": "Utroque denique invenire et has.",
    "content": "<p>Utroque denique invenire et has. Cum case definitiones no, est dicit placerat verterem ne.</p> <p>In ius nonumy perfecto adipiscing, ad est cibo iisque aliquid, dicit civibus eum ei. Cum animal suscipit at, utamur utroque appareat sed ex.</p>"
  }, {
    "id": 2,
    "title":"Blog post #2",
    "author": "Olene Ogan",
    "publish_date": "2016-03-16",
    "slug": "blog-post-2",
    "description": "Ex legere perpetua electram vim, per nisl inermis quaestio ea.",
    "content": "<p>Ex legere perpetua electram vim, per nisl inermis quaestio ea. Everti adolescens ut nec. Quod labitur assueverit vis at, sea an erat modus delicata.</p> <p>Dico omnesque epicurei te vix. Tota verterem temporibus eu quo, eu iudicabit repudiandae sea. Elitr nihil gloriatur vis in.</p>"
  }, {
    "id": 3,
    "title":"Blog post #3",
    "author": "Annemarie Axelrod",
    "publish_date": "2016-03-28",
    "slug": "blog-post-3",
    "description": "Sea ne harum reformidans conclusionemque.",
    "content": "<p>Sea ne harum reformidans conclusionemque. Eu eirmod adversarium definitiones pri, id brute option convenire sed.</p> <p>Id per porro tritani, mei ut assum persius prompta. Nominavi eligendi cu mea. Utinam consul theophrastus te sit, denique platonem assentior te pri. Nam id enim case iracundia.</p>"
  }, {
    "id": 4,
    "title":"Blog post #4",
    "author": "Magnolia Moyer",
    "publish_date": "2016-06-03",
    "slug": "blog-post-4",
    "description": "Has omnes vivendum invenire ne, est facete everti erroribus et.",
    "content": "<p>Has omnes vivendum invenire ne, est facete everti erroribus et. Sit eu partem deserunt, molestiae forensibus theophrastus vel ex, quod sensibus constituam ad vim.</p> <p>Eruditi indoctum repudiare sit ex, modo duis oratio nam ei. Ea ius laoreet nominati dissentias.</p>"
  }, {
    "id": 5,
    "title":"Blog post #5",
    "author": "Alexandra Alexander",
    "publish_date": "2016-08-09",
    "slug": "blog-post-5",
    "description": "Eum no quem novum periculis, mea sonet zril ea.",
    "content": "<p>Eum no quem novum periculis, mea sonet zril ea. Electram urbanitas no mei, in eam graeci suavitate.</p> <p>An eam aliquid invidunt, mei veritus repudiandae ad, cum eu decore option complectitur. Sea tation iracundia eu. Sit ea adhuc idque maiorum. Vis ea simul habemus scriptorem, tale case assum no mei.</p>"
  }, {
    "id": 6,
    "title":"Blog post #6",
    "author": "Merna Mitchel",
    "publish_date": "2016-09-16",
    "slug": "blog-post-6",
    "description": "Velit doming vis te, ut vim fugit abhorreant.",
    "content": "<p>Velit doming vis te, ut vim fugit abhorreant. Eirmod reformidans duo at, ne nam virtute commune, sit cu esse vidit zril.</p> <p>Iusto officiis eloquentiam cum ea, eu case interpretaris duo. Duis ancillae an pro, vel idque error alienum at. An nec graeco equidem, unum eripuit ea sit.</p>"
  }, {
    "id": 7,
    "title":"Blog post #7",
    "author": "Shari Stampley",
    "publish_date": "2016-09-29",
    "slug": "blog-post-7",
    "description": "Diceret appetere pro ne, corpora neglegentur per at.",
    "content": "<p>Diceret appetere pro ne, corpora neglegentur per at. Mea solum nonumes te, id posse admodum has. Sonet tantas at per, vix te hinc vidit.</p> <p>Brute civibus no sed. Vel et laoreet mediocritatem. In eos doming labores.</p>"
  }, {
    "id": 8,
    "title":"Blog post #8",
    "author": "Haywood Halfacre",
    "publish_date": "2016-09-30",
    "slug": "blog-post-8",
    "description": "Ea graece animal offendit vel, at pro rebum integre, liber sapientem est te.",
    "content": "<p>Ea graece animal offendit vel, at pro rebum integre, liber sapientem est te.</p> <p>Dicat decore qualisque sed at, est no ferri nobis suavitate, ne mei sale illum. Ei autem fastidii ius, facer liber ocurreret his in, ne aeterno viderer nec. Cu utinam mucius menandri vel, ea qui nulla veritus perpetua. Omnis nostro mnesarchum usu ea, eu duo audire adversarium.</p>"
  }, {
    "id": 9,
    "title":"Blog post #9",
    "author": "Myron Montford",
    "publish_date": "2016-10-11",
    "slug": "blog-post-9",
    "description": "Ius ad verear tincidunt scriptorem, vel et libris saperet invidunt.",
    "content": "<p>Ius ad verear tincidunt scriptorem, vel et libris saperet invidunt. No assum maiorum per. Purto tamquam labores has ex. Eu aliquid interpretaris vel, eos tale rebum dolore in.</p>"
  }, {
    "id": 10,
    "title": "Blog post #10",
    "author": "Tandy Thiem",
    "publish_date": "2016-11-29",
    "slug": "blog-post-10",
    "description": "Natum integre tractatos eu duo, ut falli scriptorem qui.",
    "content": "<p>Natum integre tractatos eu duo, ut falli scriptorem qui. Probo inermis ad nec, petentium inciderint mei in.</p> <p>Quidam inermis detraxit per ea. Vix etiam eirmod ut, sea dolor appellantur te. Te quis dicit delicata eum, in has convenire interesset.</p>"
  }]